symbol,date,open,high,low,close,volume
AAPL,2021-01-31,190.00,193.62,186.58,190.76,2350000
AAPL,2021-02-28,193.15,199.09,189.94,195.50,2722498
AAPL,2021-03-31,199.04,205.84,195.81,202.08,3014216
AAPL,2021-04-30,206.06,211.62,202.36,208.38,3161889
AAPL,2021-05-31,211.89,216.15,208.30,212.32,3133493
AAPL,2021-06-30,214.54,218.58,209.50,212.88,2935186
AAPL,2021-07-31,213.37,216.81,206.81,210.57,2609974
AAPL,2021-08-31,209.49,213.19,203.49,207.06,2471617
AAPL,2021-09-30,205.06,208.95,200.96,204.11,2826834
AAPL,2021-10-31,202.08,206.15,198.49,202.78,3078643
AAPL,2021-11-30,201.57,206.64,198.04,203.15,3172436
AAPL,2021-12-31,203.40,208.49,200.34,204.60,3087873
AAPL,2022-01-31,206.52,210.06,202.67,206.28,2843292
AAPL,2022-02-28,209.62,213.12,204.02,207.70,2491733
AAPL,2022-03-31,211.76,215.78,205.75,208.97,2590561
AAPL,2022-04-30,212.86,216.60,206.99,210.63,2920687
AAPL,2022-05-31,213.47,216.92,209.25,213.06,3127052
AAPL,2022-06-30,214.29,220.10,210.90,216.03,3164903
AAPL,2022-07-31,215.55,222.63,211.89,218.70,3026031
AAPL,2022-08-31,216.90,223.43,213.00,220.00,2740552
AAPL,2022-09-30,217.71,223.46,214.18,219.37,2370377
AAPL,2022-10-31,217.58,221.57,213.65,217.27,2704216
AAPL,2022-11-30,216.81,220.07,211.23,215.10,3001994
AAPL,2022-12-31,216.38,220.36,211.03,214.59,3158378
AAPL,2023-01-31,217.51,221.56,213.39,216.92,3139454
AAPL,2023-02-28,220.96,225.53,216.99,222.08,2949326
AAPL,2023-03-31,226.42,232.87,222.59,228.74,2629227
AAPL,2023-04-30,232.42,238.97,228.73,234.56,2451426
AAPL,2023-05-31,236.73,241.03,232.49,237.22,2810084
AAPL,2023-06-30,237.47,241.66,231.60,235.66,3068967
AAPL,2023-07-31,234.23,238.67,227.22,230.79,3171931
AAPL,2023-08-31,228.48,232.28,220.98,224.97,3096649
AAPL,2023-09-30,222.80,226.64,216.89,220.75,2859446
AAPL,2023-10-31,219.64,223.93,216.34,219.76,2511763
AAPL,2023-11-30,220.29,225.99,216.42,222.19,2571000
AAPL,2023-12-31,224.53,230.81,220.56,227.02,2905837
AAPL,2024-01-31,230.86,236.88,227.31,232.47,3120133
AAPL,2024-02-29,237.05,241.22,232.78,236.88,3167416
AAPL,2024-03-31,241.15,245.05,235.14,239.42,3037430
AAPL,2024-04-30,242.40,246.97,236.60,240.40,2758366
AAPL,2024-05-31,241.49,245.83,236.68,240.77,2390743
AAPL,2024-06-30,239.97,245.14,235.66,241.36,2685716
AAPL,2024-07-31,239.23,246.91,235.36,242.39,2989371
AAPL,2024-08-31,239.88,247.89,235.88,243.43,3154369
AAPL,2024-09-30,241.62,247.57,237.27,243.90,3144930
AAPL,2024-10-31,243.67,248.15,239.54,243.58,2963099
AAPL,2024-11-30,245.33,249.89,239.01,242.97,2648309
AAPL,2024-12-31,246.51,250.33,238.78,243.15,2431172
AAPL,2025-01-31,247.78,252.26,240.96,245.11,2793051
AAPL,2025-02-28,249.83,254.53,245.10,249.06,3058848
AAPL,2025-03-31,252.85,258.11,248.32,254.04,3170922
AAPL,2025-04-30,256.07,262.69,251.66,258.13,3104968
AAPL,2025-05-31,258.09,264.28,254.09,259.37,2875288
AAPL,2025-06-30,257.58,261.85,252.34,256.90,2531693
AAPL,2025-07-31,254.27,258.65,247.29,251.69,2551304
AAPL,2025-08-31,249.38,254.12,242.46,246.17,2890646
AAPL,2025-09-30,245.18,249.36,238.75,243.02,3112742
AAPL,2025-10-31,243.92,248.10,239.60,244.02,3169427
AAPL,2025-11-30,246.87,254.09,243.08,249.36,3048408
AAPL,2025-12-31,253.76,262.16,249.37,257.64,2775930
MSFT,2021-01-31,332.59,342.85,327.06,336.66,3495190
MSFT,2021-02-28,342.78,353.63,337.21,347.16,3640203
MSFT,2021-03-31,354.02,361.90,347.66,356.35,3581321
MSFT,2021-04-30,362.38,368.91,355.02,361.14,3331312
MSFT,2021-05-31,364.93,371.80,354.78,360.49,2944395
MSFT,2021-06-30,361.34,367.16,349.48,355.84,2895522
MSFT,2021-07-31,354.04,360.28,344.02,350.06,3293038
MSFT,2021-08-31,346.69,353.27,340.41,345.75,3561946
MSFT,2021-09-30,342.32,349.92,336.25,344.19,3643929
MSFT,2021-10-31,342.15,351.09,336.16,345.16,3521208
MSFT,2021-11-30,345.59,354.15,340.40,347.54,3220397
MSFT,2021-12-31,350.82,356.83,344.07,350.21,2806731
MSFT,2022-01-31,355.89,361.82,346.54,352.79,3030080
MSFT,2022-02-28,359.71,366.53,350.36,355.85,3395310
MSFT,2022-03-31,362.48,368.86,354.02,360.25,3609752
MSFT,2022-04-30,365.13,372.15,358.60,366.23,3626903
MSFT,2022-05-31,368.38,379.82,362.55,372.80,3443042
MSFT,2022-06-30,371.99,384.74,365.67,377.94,3098042
MSFT,2022-07-31,374.85,385.58,368.12,379.66,2733277
MSFT,2022-08-31,375.73,384.36,369.64,377.32,3157381
MSFT,2022-09-30,374.27,381.14,366.12,372.31,3482296
MSFT,2022-10-31,371.55,377.14,361.00,367.62,3637558
MSFT,2022-11-30,369.82,376.62,360.29,366.37,3589499
MSFT,2022-12-31,371.37,378.29,364.32,370.35,3348540
MSFT,2023-01-31,377.26,384.99,370.48,379.10,2966936
MSFT,2023-02-28,386.53,396.93,379.98,389.89,2872556
MSFT,2023-03-31,396.18,406.13,389.89,398.63,3274627
MSFT,2023-04-30,402.33,408.80,394.50,401.69,3552083
MSFT,2023-05-31,402.14,409.24,391.12,397.98,3644753
MSFT,2023-06-30,395.59,403.09,383.61,389.64,3532541
MSFT,2023-07-31,385.76,392.17,374.04,380.80,3239781
MSFT,2023-08-31,377.15,383.64,368.84,375.41,2829962
MSFT,2023-09-30,373.54,382.74,367.92,375.60,3008040
MSFT,2023-10-31,376.54,387.74,369.93,381.21,3379241
MSFT,2023-11-30,385.25,396.68,378.43,390.16,3603138
MSFT,2023-12-31,396.79,407.08,390.68,399.50,3631178
MSFT,2024-01-31,407.40,414.56,399.75,406.79,3457279
MSFT,2024-02-29,414.15,420.85,403.79,411.14,3119154
MSFT,2024-03-31,416.27,424.12,406.80,413.33,2709869
MSFT,2024-04-30,415.23,422.69,407.74,414.79,3136753
MSFT,2024-05-31,413.44,422.92,406.01,416.41,3468921
MSFT,2024-06-30,412.76,425.77,406.07,417.97,3634338
MSFT,2024-07-31,413.67,426.19,406.78,418.52,3597132
MSFT,2024-08-31,415.44,423.56,407.96,417.27,3365370
MSFT,2024-09-30,416.90,424.57,407.64,414.51,2989313
MSFT,2024-10-31,417.51,425.28,405.14,411.85,2849484
MSFT,2024-11-30,417.88,424.35,404.17,411.57,3255864
MSFT,2024-12-31,419.43,427.01,408.29,415.32,3541698
MSFT,2025-01-31,423.35,431.31,416.26,422.99,3644998
MSFT,2025-02-28,429.45,439.29,421.76,432.35,3543362
MSFT,2025-03-31,435.84,447.48,428.33,439.71,3258832
MSFT,2025-04-30,439.67,450.09,432.86,441.72,2853112
MSFT,2025-05-31,438.70,445.97,429.61,437.38,2985812
MSFT,2025-06-30,432.92,440.38,421.40,428.90,3362754
MSFT,2025-07-31,424.99,433.06,414.38,420.72,3595970
MSFT,2025-08-31,419.04,426.20,409.91,417.24,3634882
MSFT,2025-09-30,418.80,428.01,411.38,420.96,3471052
MSFT,2025-10-31,425.91,439.80,419.37,431.61,3140009
MSFT,2025-11-30,439.24,454.05,431.64,446.22,2713545
MSFT,2025-12-31,455.06,467.66,446.93,460.20,3115857
NVDA,2021-01-31,486.42,500.06,478.51,490.91,4020675
NVDA,2021-02-28,500.30,508.94,491.31,501.14,3714234
NVDA,2021-03-31,509.30,518.48,496.59,505.16,3263745
NVDA,2021-04-30,510.14,519.75,494.55,502.52,3333096
NVDA,2021-05-31,503.39,511.50,486.88,495.75,3768545
NVDA,2021-06-30,492.93,501.62,480.20,488.64,4048168
NVDA,2021-07-31,483.64,493.28,476.18,484.10,4111325
NVDA,2021-08-31,479.01,491.20,470.51,483.16,3944318
NVDA,2021-09-30,480.01,493.39,471.60,485.06,3583367
NVDA,2021-10-31,485.37,497.56,478.08,488.29,3106748
NVDA,2021-11-30,492.59,501.03,483.10,491.72,3482177
NVDA,2021-12-31,499.39,507.72,486.71,495.49,3877379
NVDA,2022-01-31,504.90,514.48,493.02,500.73,4093153
NVDA,2022-02-28,509.75,518.72,499.71,508.49,4082705
NVDA,2022-03-31,515.07,526.81,505.86,518.43,3848301
NVDA,2022-04-30,521.15,538.26,512.90,528.30,3440775
NVDA,2022-05-31,526.83,544.32,517.89,534.69,3151495
NVDA,2022-06-30,530.01,543.20,520.48,534.86,3621756
NVDA,2022-07-31,529.00,538.87,520.04,528.62,3968024
NVDA,2022-08-31,524.02,533.63,510.30,518.93,4115205
NVDA,2022-09-30,517.55,525.34,501.49,510.69,4031383
NVDA,2022-10-31,513.43,522.87,499.87,508.31,3734734
NVDA,2022-11-30,514.93,524.52,505.43,513.79,3289592
NVDA,2022-12-31,523.07,533.99,513.67,525.83,3307509
NVDA,2023-01-31,535.81,549.83,526.73,540.08,3748766
NVDA,2023-02-28,548.46,561.19,539.75,550.82,4038486
NVDA,2023-03-31,555.60,564.54,543.72,553.62,4113839
NVDA,2023-04-30,553.90,563.68,538.39,547.84,3958485
NVDA,2023-05-31,544.22,554.53,528.71,537.01,3606113
NVDA,2023-06-30,531.34,540.17,517.40,526.75,3133141
NVDA,2023-07-31,521.38,530.78,512.26,521.80,3457861
NVDA,2023-08-31,518.89,534.23,511.09,524.27,3860413
NVDA,2023-09-30,525.25,542.35,516.04,533.22,4087217
NVDA,2023-10-31,538.54,554.61,529.01,545.49,4089086
NVDA,2023-11-30,554.42,567.83,545.89,557.27,3865615
NVDA,2023-12-31,567.93,577.91,556.06,565.85,3465267
NVDA,2024-01-31,575.74,585.06,560.59,570.79,3125136
NVDA,2024-02-29,577.57,588.46,564.40,573.46,3599246
NVDA,2024-03-31,575.74,586.09,565.69,575.47,3954245
NVDA,2024-04-30,573.24,586.34,562.95,577.31,4113145
NVDA,2024-05-31,571.91,588.84,562.64,578.05,4041488
NVDA,2024-06-30,571.76,586.81,562.23,576.25,3754814
NVDA,2024-07-31,571.64,580.26,561.07,571.36,3315291
NVDA,2024-08-31,570.49,580.99,555.42,564.78,3281763
NVDA,2024-09-30,568.52,579.10,550.52,559.64,3728557
NVDA,2024-10-31,567.48,576.27,549.32,559.37,4028197
NVDA,2024-11-30,569.71,580.01,556.31,565.89,4115701
NVDA,2024-12-31,576.48,589.12,567.32,578.24,3972094
NVDA,2025-01-31,586.71,602.01,576.21,592.50,3628518
NVDA,2025-02-28,596.93,613.80,586.64,603.13,3159483
NVDA,2025-03-31,602.71,617.13,593.37,605.65,3433294
NVDA,2025-04-30,601.14,611.11,588.71,599.35,3842950
NVDA,2025-05-31,592.89,603.11,577.74,588.03,4080644
NVDA,2025-06-30,582.30,593.37,569.28,577.99,4094828
NVDA,2025-07-31,575.34,585.17,564.83,574.92,3882428
NVDA,2025-08-31,576.72,591.20,566.51,581.47,3489504
NVDA,2025-09-30,587.93,607.70,578.90,596.39,3098731
NVDA,2025-10-31,606.56,625.88,596.06,615.09,3576399
NVDA,2025-11-30,626.88,641.55,615.68,631.31,3939910
NVDA,2025-12-31,641.95,654.06,629.87,639.96,4110432
AMZN,2021-01-31,172.54,175.23,169.06,172.15,3567932
AMZN,2021-02-28,174.83,177.98,169.97,172.91,3783817
AMZN,2021-03-31,174.49,177.77,169.08,171.81,4252332
AMZN,2021-04-30,171.98,174.75,166.75,169.79,4536007
AMZN,2021-05-31,168.70,171.68,165.09,167.99,4573323
AMZN,2021-06-30,166.15,170.28,163.59,167.11,4356188
AMZN,2021-07-31,165.24,170.05,162.31,167.26,3931692
AMZN,2021-08-31,166.06,170.95,163.15,168.06,3408109
AMZN,2021-09-30,168.05,172.25,165.52,169.04,3946152
AMZN,2021-10-31,170.41,173.33,167.04,170.02,4365754
AMZN,2021-11-30,172.55,175.43,168.21,171.25,4575920
AMZN,2021-12-31,174.37,177.68,170.53,173.20,4531071
AMZN,2022-01-31,176.20,179.30,173.11,176.16,4240935
AMZN,2022-02-28,178.31,182.65,175.12,179.75,3768430
AMZN,2022-03-31,180.56,186.39,177.70,182.95,3583973
AMZN,2022-04-30,182.31,187.78,179.21,184.46,4096480
AMZN,2022-05-31,182.71,186.33,179.43,183.46,4457945
AMZN,2022-06-30,181.33,184.71,177.30,180.22,4589981
AMZN,2022-07-31,178.53,181.80,173.16,176.10,4463953
AMZN,2022-08-31,175.50,178.14,169.81,172.92,4107193
AMZN,2022-09-30,173.72,176.92,169.28,172.14,3597068
AMZN,2022-10-31,174.26,177.50,171.39,174.22,3755792
AMZN,2022-11-30,177.24,181.25,174.06,178.47,4231496
AMZN,2022-12-31,181.73,186.58,178.65,183.27,4526878
AMZN,2023-01-31,185.98,190.19,183.02,186.68,4577881
AMZN,2023-02-28,188.16,191.19,184.05,187.40,4373445
AMZN,2023-03-31,187.36,190.67,182.28,185.48,3957905
AMZN,2023-04-30,184.12,187.61,179.42,182.24,3421375
AMZN,2023-05-31,180.19,183.18,176.29,179.47,3919790
AMZN,2023-06-30,177.52,181.60,174.41,178.53,4348232
AMZN,2023-07-31,177.41,183.26,174.74,179.85,4571037
AMZN,2023-08-31,180.05,186.03,176.89,182.90,4539887
AMZN,2023-09-30,184.60,189.72,181.33,186.60,4261537
AMZN,2023-10-31,189.52,193.41,186.61,189.81,3796351
AMZN,2023-11-30,193.30,196.70,188.59,191.91,3554788
AMZN,2023-12-31,195.13,198.29,189.57,193.02,4072360
AMZN,2024-01-31,195.17,198.85,190.59,193.65,4444122
AMZN,2024-02-29,194.28,197.78,190.90,194.20,4589451
AMZN,2024-03-31,193.31,197.62,189.84,194.58,4476832
AMZN,2024-04-30,192.62,197.93,189.50,194.30,4130688
AMZN,2024-05-31,192.05,196.44,188.85,192.90,3626084
AMZN,2024-06-30,191.22,194.11,187.00,190.43,3727549
AMZN,2024-07-31,190.01,193.50,184.56,187.68,4210149
AMZN,2024-08-31,188.78,192.30,182.87,185.90,4517057
AMZN,2024-09-30,188.37,191.29,182.92,186.27,4581717
AMZN,2024-10-31,189.58,193.01,186.02,189.22,4390105
AMZN,2024-11-30,192.63,197.79,189.57,194.14,3983775
AMZN,2024-12-31,196.84,202.62,193.32,199.42,3450846
AMZN,2025-01-31,200.77,206.67,197.31,203.08,3893109
AMZN,2025-02-28,202.79,207.56,199.65,203.70,4330127
AMZN,2025-03-31,202.04,205.39,197.74,201.31,4565435
AMZN,2025-04-30,199.00,202.43,193.98,197.43,4548003
AMZN,2025-05-31,195.37,199.08,191.30,194.22,4281610
AMZN,2025-06-30,193.20,196.75,189.80,193.44,3824029
AMZN,2025-07-31,193.91,198.98,190.48,195.71,3525508
AMZN,2025-08-31,197.74,204.15,194.70,200.35,4047828
AMZN,2025-09-30,203.62,209.34,200.10,205.73,4429657
AMZN,2025-10-31,209.53,213.31,205.79,209.90,4588192
AMZN,2025-11-30,213.29,217.31,208.19,211.53,4489050
AMZN,2025-12-31,213.65,217.49,206.94,210.52,4153734
GOOGL,2021-01-31,151.82,154.56,147.50,150.04,4743303
GOOGL,2021-02-28,151.39,154.24,146.97,149.34,5024132
GOOGL,2021-03-31,149.47,151.88,145.55,148.20,5028648
GOOGL,2021-04-30,147.23,150.00,144.69,147.40,4755872
GOOGL,2021-05-31,145.77,150.10,143.52,147.31,4264959
GOOGL,2021-06-30,145.63,150.27,143.05,147.81,3837629
GOOGL,2021-07-31,146.72,151.08,144.15,148.53,4421214
GOOGL,2021-08-31,148.49,151.98,146.26,149.14,4859237
GOOGL,2021-09-30,150.32,152.90,147.08,149.70,5056707
GOOGL,2021-10-31,151.90,154.44,147.95,150.62,4970801
GOOGL,2021-11-30,153.34,156.25,150.01,152.36,4620147
GOOGL,2021-12-31,154.97,157.79,152.29,155.06,4080790
GOOGL,2022-01-31,156.92,160.74,154.12,158.18,4030303
GOOGL,2022-02-28,158.87,163.68,156.36,160.65,4580608
GOOGL,2022-03-31,160.06,164.21,157.35,161.30,4950786
GOOGL,2022-04-30,159.75,162.24,156.73,159.59,5060556
GOOGL,2022-05-31,157.71,160.65,153.52,156.06,4886115
GOOGL,2022-06-30,154.56,157.40,149.60,152.13,4465292
GOOGL,2022-07-31,151.59,153.87,146.78,149.47,3889348
GOOGL,2022-08-31,150.15,152.91,146.74,149.22,4216815
GOOGL,2022-09-30,151.03,154.37,148.57,151.54,4721743
GOOGL,2022-10-31,154.15,158.07,151.38,155.65,5015936
GOOGL,2022-11-30,158.47,162.89,155.78,160.00,5035593
GOOGL,2022-12-31,162.34,166.04,159.77,162.97,4776452
GOOGL,2023-01-31,164.24,166.88,160.67,163.60,4294711
GOOGL,2023-02-28,163.54,166.42,159.32,162.12,3805156
GOOGL,2023-03-31,160.91,163.95,157.27,159.74,4393064
GOOGL,2023-04-30,157.91,160.54,155.09,157.89,4841514
GOOGL,2023-05-31,156.15,160.26,153.42,157.55,5053255
GOOGL,2023-06-30,156.53,161.87,154.18,158.85,4982367
GOOGL,2023-07-31,159.01,164.00,156.22,161.24,4644224
GOOGL,2023-08-31,162.71,166.54,159.82,163.80,4112156
GOOGL,2023-09-30,166.34,169.49,163.22,165.77,3998449
GOOGL,2023-10-31,168.79,171.76,164.01,166.89,4555176
GOOGL,2023-11-30,169.66,172.41,164.48,167.47,4937289
GOOGL,2023-12-31,169.31,172.50,165.30,167.95,5061923
GOOGL,2024-01-31,168.48,171.53,165.61,168.51,4902048
GOOGL,2024-02-29,167.71,171.46,164.69,168.82,4492336
GOOGL,2024-03-31,167.09,171.50,164.39,168.36,3921639
GOOGL,2024-04-30,166.38,169.82,163.61,166.77,4186280
GOOGL,2024-05-31,165.29,167.78,161.35,164.30,4699586
GOOGL,2024-06-30,163.91,166.93,159.21,161.89,5006962
GOOGL,2024-07-31,162.82,165.85,158.12,160.74,5041749
GOOGL,2024-08-31,162.85,165.38,158.89,161.80,4796402
GOOGL,2024-09-30,164.65,168.22,161.86,165.23,4324129
GOOGL,2024-10-31,168.18,173.44,165.51,170.24,3772651
GOOGL,2024-11-30,172.58,178.02,169.49,175.20,4364519
GOOGL,2024-12-31,176.36,181.47,173.32,178.32,4823121
GOOGL,2025-01-31,178.04,181.88,175.28,178.49,5049002
GOOGL,2025-02-28,177.01,179.94,172.90,176.03,4993177
GOOGL,2025-03-31,173.97,176.97,169.43,172.45,4667752
GOOGL,2025-04-30,170.62,173.86,167.12,169.67,4143300
GOOGL,2025-05-31,168.75,171.95,165.78,169.06,3966443
GOOGL,2025-06-30,169.44,173.79,166.44,170.93,4529249
GOOGL,2025-07-31,172.68,177.85,170.03,174.54,4923064
GOOGL,2025-08-31,177.36,181.56,174.29,178.43,5062484
GOOGL,2025-09-30,181.69,184.64,177.88,181.11,4917274
GOOGL,2025-10-31,184.00,187.47,178.90,181.77,4518926
GOOGL,2025-11-30,183.57,186.86,177.56,180.63,3953825
GOOGL,2025-12-31,180.96,183.80,175.45,178.66,4155477
META,2021-01-31,482.75,491.84,470.17,477.74,5476056
META,2021-02-28,478.41,486.12,468.15,476.67,5142498
META,2021-03-31,473.80,485.14,465.62,476.74,4582860
META,2021-04-30,471.71,487.39,464.42,478.32,4281491
META,2021-05-31,473.13,488.55,464.74,480.55,4906485
META,2021-06-30,477.26,490.50,468.90,482.22,5356581
META,2021-07-31,482.36,492.03,475.12,482.85,5534171
META,2021-08-31,486.94,495.29,474.89,483.37,5400742
META,2021-09-30,490.74,498.93,477.04,485.65,4985229
META,2021-10-31,494.71,504.09,483.74,491.31,4377742
META,2021-11-30,499.99,509.11,491.35,500.30,4489976
META,2021-12-31,506.60,518.54,497.54,510.30,5073123
META,2022-01-31,512.80,527.11,504.69,517.36,5445236
META,2022-02-28,515.75,527.15,506.99,517.82,5525615
META,2022-03-31,513.11,521.12,501.45,510.63,5296831
META,2022-04-30,504.87,514.28,490.29,498.38,4808498
META,2022-05-31,493.88,502.94,478.17,486.26,4166517
META,2022-06-30,484.80,492.09,470.88,479.51,4689887
META,2022-07-31,481.93,490.79,473.22,481.21,5218368
META,2022-08-31,487.31,500.37,479.39,491.22,5504316
META,2022-09-30,499.93,514.19,490.94,506.33,5485718
META,2022-10-31,515.77,530.72,507.03,521.31,5166609
META,2022-11-30,529.22,541.10,520.82,531.10,4616192
META,2022-12-31,535.53,544.14,523.70,533.24,4246168
META,2023-01-31,533.33,542.74,519.94,529.06,4876831
META,2023-02-28,525.39,535.35,514.51,522.59,5339027
META,2023-03-31,516.90,526.63,507.73,518.02,5532523
META,2023-04-30,512.58,526.67,503.60,517.76,5415357
META,2023-05-31,514.69,531.63,506.95,521.71,5012939
META,2023-06-30,522.51,536.94,513.35,527.90,4412537
META,2023-07-31,532.99,542.68,523.55,533.76,4455642
META,2023-08-31,542.31,552.60,529.40,537.67,5046696
META,2023-09-30,547.78,557.40,530.46,539.80,5432446
META,2023-10-31,549.05,557.93,531.86,541.53,5529237
META,2023-11-30,547.78,558.10,535.48,544.08,5316079
META,2023-12-31,546.06,557.07,536.78,547.23,4839198
META,2024-01-31,544.93,557.87,535.14,549.28,4202012
META,2024-02-29,543.95,558.33,535.14,548.09,4657296
META,2024-03-31,541.94,552.76,532.91,542.81,5195748
META,2024-04-30,538.30,546.41,525.33,534.95,5496572
META,2024-05-31,533.97,543.79,519.41,528.16,5494530
META,2024-06-30,531.48,541.37,518.02,526.60,5190066
META,2024-07-31,533.80,542.07,523.41,532.99,4649206
META,2024-08-31,542.66,557.04,533.48,547.15,4210756
META,2024-09-30,557.20,576.21,548.34,565.57,4846699
META,2024-10-31,573.66,591.68,563.39,582.33,5320711
META,2024-11-30,586.48,601.97,576.38,591.51,5529995
META,2024-12-31,590.89,602.09,581.10,590.24,5429166
META,2025-01-31,585.65,595.36,570.22,580.53,5040089
META,2025-02-28,574.07,583.97,558.12,568.05,4447140
META,2025-03-31,562.34,573.02,550.61,559.03,4421089
META,2025-04-30,556.28,566.85,546.51,557.33,5019687
META,2025-05-31,558.88,572.71,548.99,563.28,5418838
META,2025-06-30,569.36,584.93,560.61,574.04,5531981
META,2025-07-31,583.63,595.26,573.53,584.99,5334580
META,2025-08-31,596.01,605.68,581.46,592.03,4869444
META,2025-09-30,601.80,613.15,584.13,593.49,4237443
META,2025-10-31,599.68,610.45,580.70,590.76,4624363
META,2025-11-30,592.17,601.44,576.28,586.82,5172455
META,2025-12-31,583.74,595.18,574.30,584.26,5487971
TSLA,2021-01-31,219.48,223.13,215.56,219.59,4885189
TSLA,2021-02-28,218.43,224.41,214.66,220.53,4739274
TSLA,2021-03-31,218.36,225.88,214.99,221.68,5401005
TSLA,2021-04-30,219.44,226.21,215.55,222.50,5856498
TSLA,2021-05-31,221.14,226.37,217.27,222.55,6006972
TSLA,2021-06-30,222.78,227.01,218.61,221.95,5819797
TSLA,2021-07-31,223.99,227.83,217.60,221.49,5335562
TSLA,2021-08-31,225.03,228.79,218.32,222.26,4659281
TSLA,2021-09-30,226.57,230.87,221.50,224.97,4962384
TSLA,2021-10-31,229.11,233.39,225.16,229.35,5572933
TSLA,2021-11-30,232.41,237.84,228.26,234.06,5939959
TSLA,2021-12-31,235.38,241.58,231.66,237.11,5983867
TSLA,2022-01-31,236.55,241.19,232.53,236.92,5695135
TSLA,2022-02-28,234.94,238.61,229.14,233.33,5136379
TSLA,2022-03-31,230.87,235.18,224.18,227.88,4471227
TSLA,2022-04-30,225.99,230.14,219.36,223.07,5174230
TSLA,2022-05-31,222.57,225.91,217.21,221.19,5720174
TSLA,2022-06-30,222.47,227.45,218.77,223.34,5990664
TSLA,2022-07-31,226.35,233.41,222.66,229.15,5927040
TSLA,2022-08-31,233.38,240.53,229.19,236.85,5543100
TSLA,2022-09-30,241.44,248.36,237.35,243.96,4922106
TSLA,2022-10-31,247.84,252.98,243.91,248.30,4701269
TSLA,2022-11-30,250.56,254.59,244.63,249.09,5370154
TSLA,2022-12-31,249.32,253.72,242.94,247.20,5839491
TSLA,2023-01-31,245.67,250.32,240.73,244.51,6007498
TSLA,2023-02-28,242.03,246.76,237.73,242.73,5837741
TSLA,2023-03-31,240.36,246.85,236.15,242.67,5367033
TSLA,2023-04-30,241.41,248.71,237.78,244.08,4697455
TSLA,2023-05-31,244.63,250.26,240.34,246.05,4925787
TSLA,2023-06-30,248.61,252.77,243.31,247.70,5545849
TSLA,2023-07-31,251.85,256.63,244.88,248.71,5928261
TSLA,2023-08-31,253.57,258.03,245.20,249.52,5990092
TSLA,2023-09-30,253.98,258.10,246.38,250.86,5717934
TSLA,2023-10-31,253.94,258.73,249.04,253.04,5170807
TSLA,2023-11-30,254.15,260.17,249.83,255.58,4467363
TSLA,2023-12-31,254.69,261.35,250.12,257.32,5139845
TSLA,2024-01-31,255.02,261.97,250.89,257.17,5697452
TSLA,2024-02-29,254.47,259.54,250.23,254.87,5984532
TSLA,2024-03-31,252.94,256.75,246.94,251.47,5938828
TSLA,2024-04-30,251.19,255.81,244.79,248.92,5570252
TSLA,2024-05-31,250.67,255.33,245.16,249.22,4958734
TSLA,2024-06-30,252.81,257.35,248.27,253.42,4663109
TSLA,2024-07-31,258.22,265.80,253.85,261.09,5338738
TSLA,2024-08-31,266.08,275.26,261.85,270.18,5821631
TSLA,2024-09-30,274.25,282.17,269.34,277.72,6007068
TSLA,2024-10-31,279.90,286.02,275.08,281.05,5854834
TSLA,2024-11-30,280.97,286.29,274.97,279.30,5397942
TSLA,2024-12-31,277.33,281.93,269.06,273.92,4735476
TSLA,2025-01-31,271.08,275.75,263.13,267.82,4888898
TSLA,2025-02-28,265.32,270.36,259.81,263.79,5518092
TSLA,2025-03-31,262.69,267.82,258.07,263.32,5915656
TSLA,2025-04-30,264.25,270.71,259.57,266.25,5995373
TSLA,2025-05-31,269.33,276.26,265.19,271.11,5739954
TSLA,2025-06-30,275.85,280.72,271.08,275.88,5204792
TSLA,2025-07-31,281.28,285.84,273.99,278.97,4505943
TSLA,2025-08-31,283.79,289.14,275.61,280.02,5105037
TSLA,2025-09-30,283.16,288.24,275.07,279.83,5673965
TSLA,2025-10-31,280.71,285.11,274.58,279.60,5977459
TSLA,2025-11-30,278.34,285.31,273.84,280.07,5949703
TSLA,2025-12-31,277.42,286.36,272.79,281.22,5596716
AVGO,2021-01-31,1089.26,1120.55,1070.46,1101.14,5903737
AVGO,2021-02-28,1090.62,1126.88,1073.78,1105.92,6357663
AVGO,2021-03-31,1095.02,1124.62,1075.60,1106.20,6473788
AVGO,2021-04-30,1099.74,1119.83,1080.47,1100.92,6226930
AVGO,2021-05-31,1102.36,1123.30,1076.23,1092.64,5670623
AVGO,2021-06-30,1103.00,1121.91,1068.02,1087.08,4925509
AVGO,2021-07-31,1104.78,1123.20,1070.96,1090.29,5446822
AVGO,2021-08-31,1111.75,1132.83,1088.07,1105.10,6078881
AVGO,2021-09-30,1125.77,1148.70,1106.31,1128.83,6433599
AVGO,2021-10-31,1144.19,1171.98,1123.74,1153.35,6434048
AVGO,2021-11-30,1160.17,1190.34,1141.81,1168.33,6080132
AVGO,2021-12-31,1165.87,1187.59,1146.07,1166.59,5448602
AVGO,2022-01-31,1157.15,1175.20,1128.20,1148.84,4923585
AVGO,2022-02-28,1137.03,1158.24,1105.80,1124.04,5668972
AVGO,2022-03-31,1115.02,1135.47,1086.40,1104.79,6225911
AVGO,2022-04-30,1102.60,1119.17,1081.55,1101.38,6473621
AVGO,2022-05-31,1108.04,1138.26,1089.65,1117.71,6358384
AVGO,2022-06-30,1133.04,1171.65,1114.60,1150.23,5905191
AVGO,2022-07-31,1171.80,1207.68,1150.74,1189.21,5212322
AVGO,2022-08-31,1212.59,1244.40,1192.05,1222.33,5169964
AVGO,2022-09-30,1242.13,1265.51,1220.52,1240.21,5872019
AVGO,2022-10-31,1251.82,1271.95,1218.67,1240.87,6341592
AVGO,2022-11-30,1242.33,1264.27,1208.82,1230.03,6476850
AVGO,2022-12-31,1222.73,1245.90,1197.93,1216.74,6248461
AVGO,2023-01-31,1204.71,1228.27,1183.33,1208.19,5705953
AVGO,2023-02-28,1196.70,1227.63,1175.76,1206.86,4966977
AVGO,2023-03-31,1200.93,1233.80,1182.87,1210.80,5408209
AVGO,2023-04-30,1213.88,1236.90,1192.58,1216.08,6051498
AVGO,2023-05-31,1229.05,1249.59,1198.37,1219.98,6423382
AVGO,2023-06-30,1240.79,1264.32,1204.25,1223.06,6443215
AVGO,2023-07-31,1247.31,1269.23,1207.44,1228.69,6106694
AVGO,2023-08-31,1251.00,1271.25,1217.95,1240.11,5486799
AVGO,2023-09-30,1255.68,1280.97,1235.84,1257.26,4882037
AVGO,2023-10-31,1263.12,1298.51,1241.64,1275.58,5633083
AVGO,2023-11-30,1271.50,1307.92,1248.66,1287.78,6203463
AVGO,2023-12-31,1276.58,1312.13,1255.90,1288.09,6469484
AVGO,2024-01-31,1274.92,1299.77,1253.67,1276.38,6373454
AVGO,2024-02-29,1267.04,1286.14,1236.87,1259.54,5936200
AVGO,2024-03-31,1258.48,1281.64,1227.84,1248.53,5252545
AVGO,2024-04-30,1257.65,1281.05,1232.75,1253.17,5129249
AVGO,2024-05-31,1271.59,1297.26,1248.73,1277.47,5839642
AVGO,2024-06-30,1301.96,1341.11,1279.93,1317.31,6324575
AVGO,2024-07-31,1342.87,1386.65,1321.52,1361.04,6478883
AVGO,2024-08-31,1381.91,1415.84,1357.18,1393.47,6269102
AVGO,2024-09-30,1404.82,1429.66,1378.77,1402.93,5740727
AVGO,2024-10-31,1402.89,1429.47,1366.37,1387.87,5008343
AVGO,2024-11-30,1378.46,1401.32,1333.70,1357.81,5369223
AVGO,2024-12-31,1344.07,1367.23,1304.46,1327.68,6023346
AVGO,2025-01-31,1315.65,1340.64,1290.33,1310.07,6412170
AVGO,2025-02-28,1304.94,1332.86,1282.02,1310.47,6451373
AVGO,2025-03-31,1315.44,1348.83,1292.16,1326.61,6132453
AVGO,2025-04-30,1342.27,1376.37,1321.66,1350.75,5524573
AVGO,2025-05-31,1374.72,1398.84,1349.96,1373.75,4840439
AVGO,2025-06-30,1401.03,1423.76,1364.83,1389.64,5596683
AVGO,2025-07-31,1414.01,1440.69,1376.10,1398.16,6180155
AVGO,2025-08-31,1414.16,1439.56,1379.48,1403.36,6464322
AVGO,2025-09-30,1408.13,1431.80,1382.85,1409.72,6387558
AVGO,2025-10-31,1403.74,1445.11,1381.03,1418.61,5966511
AVGO,2025-11-30,1405.54,1453.84,1382.09,1427.70,5292490
AVGO,2025-12-31,1413.34,1454.63,1387.90,1432.98,5088333
JPM,2021-01-31,187.29,192.99,184.40,189.40,6933318
JPM,2021-02-28,187.45,191.63,184.13,188.49,6621174
JPM,2021-03-31,187.30,190.52,183.26,186.52,5989986
JPM,2021-04-30,186.68,190.23,181.52,184.29,5176636
JPM,2021-05-31,185.95,189.14,179.79,183.00,5942490
JPM,2021-06-30,185.89,188.99,180.43,183.69,6589754
JPM,2021-07-31,187.22,190.77,183.79,186.66,6924789
JPM,2021-08-31,190.06,194.54,186.78,191.18,6874936
JPM,2021-09-30,193.69,198.79,190.23,195.63,6451008
JPM,2021-10-31,196.70,201.93,193.59,198.20,5744939
JPM,2021-11-30,197.69,201.35,194.33,197.79,5390150
JPM,2021-12-31,196.10,199.16,191.29,194.79,6173160
JPM,2022-01-31,192.70,196.29,187.80,190.90,6734284
JPM,2022-02-28,189.28,192.75,185.11,188.24,6951834
JPM,2022-03-31,187.78,191.19,184.40,188.36,6778633
JPM,2022-04-30,189.41,195.15,186.26,191.63,6252240
JPM,2022-05-31,194.17,200.88,191.01,197.20,5486812
JPM,2022-06-30,200.81,206.47,197.20,203.31,5651658
JPM,2022-07-31,207.21,211.73,203.70,207.98,6381337
JPM,2022-08-31,211.25,215.22,206.61,209.94,6843984
JPM,2022-09-30,211.81,215.22,205.50,209.25,6939268
JPM,2022-10-31,209.40,213.09,203.46,207.03,6646525
JPM,2022-11-30,205.71,209.61,201.55,204.71,6029240
JPM,2022-12-31,202.60,206.62,199.00,203.25,5221280
JPM,2023-01-31,201.22,206.29,197.70,202.80,5902137
JPM,2023-02-28,201.71,206.83,198.68,202.97,6562444
JPM,2023-03-31,203.39,206.88,199.68,203.24,6916443
JPM,2023-04-30,205.32,208.75,199.85,203.46,6887366
JPM,2023-05-31,206.83,210.75,200.84,203.98,6481517
JPM,2023-06-30,207.93,211.59,201.93,205.49,5786911
JPM,2023-07-31,209.12,212.51,204.64,208.36,5345817
JPM,2023-08-31,210.88,216.27,207.55,212.26,6136080
JPM,2023-09-30,213.15,219.96,209.53,216.07,6712499
JPM,2023-10-31,215.28,221.75,211.41,218.34,6950068
JPM,2023-11-30,216.34,222.19,212.83,218.12,6797269
JPM,2023-12-31,215.79,219.74,212.07,215.66,6287237
JPM,2024-01-31,213.99,217.21,208.62,212.44,5530580
JPM,2024-02-29,212.17,216.07,206.99,210.48,5608610
JPM,2024-03-31,211.92,215.86,207.90,211.34,6348346
JPM,2024-04-30,214.35,218.80,210.50,215.46,6828203
JPM,2024-05-31,219.50,225.87,215.78,221.86,6944120
JPM,2024-06-30,226.06,232.69,222.47,228.40,6670957
JPM,2024-07-31,231.79,236.34,227.64,232.60,6067955
JPM,2024-08-31,234.39,238.53,228.89,232.90,5265881
JPM,2024-09-30,232.79,237.20,225.95,229.51,5861322
JPM,2024-10-31,227.84,231.62,220.29,224.28,6534266
JPM,2024-11-30,221.90,225.73,215.79,219.63,6907013
JPM,2024-12-31,217.54,221.67,214.07,217.35,6898729
JPM,2025-01-31,216.40,221.73,212.60,218.01,6511209
JPM,2025-02-28,218.73,224.70,214.86,221.00,5828492
JPM,2025-03-31,223.51,229.29,220.07,225.02,5301363
JPM,2025-04-30,228.90,232.92,224.77,228.73,6098395
JPM,2025-05-31,233.16,236.95,227.31,231.44,6689754
JPM,2025-06-30,235.39,239.83,229.62,233.30,6947197
JPM,2025-07-31,235.86,240.10,230.95,234.94,6814893
JPM,2025-08-31,235.63,240.52,231.40,236.81,6321535
JPM,2025-09-30,235.70,243.21,231.89,238.75,5574114
JPM,2025-10-31,236.44,244.48,232.50,240.09,5565282
JPM,2025-11-30,237.57,243.76,233.29,240.13,6314618
JPM,2025-12-31,238.46,243.17,234.51,238.77,6811392
V,2021-01-31,275.92,280.88,271.03,276.28,6293328
V,2021-02-28,274.33,279.04,267.36,272.12,5587022
V,2021-03-31,272.15,277.32,264.12,268.15,6448501
V,2021-04-30,270.36,275.00,261.66,266.33,7104285
V,2021-05-31,270.33,274.84,263.32,268.08,7412157
V,2021-06-30,273.02,278.65,268.81,273.47,7305353
V,2021-07-31,278.24,285.94,273.43,280.99,6807033
V,2021-08-31,284.47,292.62,279.38,287.97,6025266
V,2021-09-30,289.32,297.16,284.74,291.67,5870411
V,2021-10-31,290.70,295.99,285.76,290.76,6685761
V,2021-11-30,288.05,292.55,281.05,286.19,7243962
V,2021-12-31,282.90,288.18,276.13,280.69,7423962
V,2022-01-31,278.09,283.20,272.67,277.28,7186725
V,2022-02-28,276.39,282.09,271.42,277.91,6583698
V,2022-03-31,279.25,287.94,274.62,282.74,5745657
V,2022-04-30,286.27,295.61,281.61,290.21,6145657
V,2022-05-31,295.29,302.32,289.98,297.70,6896953
V,2022-06-30,303.19,308.66,297.54,302.67,7345300
V,2022-07-31,307.19,312.97,299.03,303.85,7393470
V,2022-08-31,306.32,311.25,296.42,301.81,7031015
V,2022-09-30,301.80,307.13,293.18,298.32,6336538
V,2022-10-31,296.19,301.80,290.60,295.16,5539352
V,2022-11-30,291.89,298.13,286.71,293.26,6406709
V,2022-12-31,290.11,297.57,285.04,292.54,7077433
V,2023-01-31,290.74,297.92,286.37,292.37,7406071
V,2023-02-28,292.75,297.76,287.12,292.25,7321351
V,2023-03-31,295.01,299.94,287.17,292.35,6841646
V,2023-04-30,296.97,302.60,289.00,293.52,6070988
V,2023-05-31,298.97,304.23,291.60,296.73,5823496
V,2023-06-30,301.75,307.12,296.36,302.23,6647827
V,2023-07-31,305.65,314.84,300.82,309.01,7223235
V,2023-08-31,310.07,320.64,304.80,314.97,7424937
V,2023-09-30,313.58,322.79,307.95,317.82,7209190
V,2023-10-31,314.67,322.30,309.57,316.39,6622783
V,2023-11-30,312.78,318.51,306.36,311.55,5792884
V,2023-12-31,308.90,313.55,300.41,305.92,6100529
V,2024-01-31,305.29,310.91,297.55,302.56,6863710
V,2024-02-29,304.40,310.06,298.63,303.58,7331153
V,2024-03-31,307.66,313.99,302.13,309.20,7401485
V,2024-04-30,314.74,323.37,309.41,317.63,7059455
V,2024-05-31,323.40,331.80,318.25,325.67,6379235
V,2024-06-30,330.26,335.56,324.14,330.05,5508342
V,2024-07-31,332.33,338.21,323.42,329.09,6364359
V,2024-08-31,328.68,334.91,318.66,323.67,7049614
V,2024-09-30,321.09,326.41,311.00,316.63,7398814
V,2024-10-31,313.04,318.43,305.65,311.09,7336230
V,2024-11-30,307.90,314.97,303.26,309.10,6875435
V,2024-12-31,307.51,316.28,302.11,310.97,6116359
V,2025-01-31,311.77,320.88,306.25,315.60,5776382
V,2025-02-28,318.93,327.24,314.03,321.15,6609187
V,2025-03-31,326.45,332.18,320.42,326.07,7201450
V,2025-04-30,332.14,337.52,323.88,329.76,7424730
V,2025-05-31,335.14,341.46,327.44,332.69,7230607
V,2025-06-30,336.09,342.13,329.89,335.60,6661178
V,2025-07-31,336.33,343.99,330.29,338.69,5839932
V,2025-08-31,336.84,347.60,331.39,341.23,6055032
V,2025-09-30,337.67,348.28,332.04,342.02,6829631
V,2025-10-31,338.16,345.36,332.08,340.22,7315881
V,2025-11-30,337.58,343.80,330.64,336.20,7408333
V,2025-12-31,335.91,342.15,326.31,331.72,7086937
WMT,2021-01-31,158.31,161.03,154.00,156.74,6963883
WMT,2021-02-28,156.70,159.68,152.15,154.47,7621161
WMT,2021-03-31,155.69,158.36,151.16,153.86,7894338
WMT,2021-04-30,156.12,158.72,152.84,155.60,7724174
WMT,2021-05-31,158.41,162.53,155.97,159.50,7147570
WMT,2021-06-30,162.23,167.33,159.42,164.43,6289570
WMT,2021-07-31,166.41,171.41,163.43,168.68,6363756
WMT,2021-08-31,169.41,173.89,166.73,170.67,7205668
WMT,2021-09-30,170.04,173.11,166.95,169.83,7753584
WMT,2021-10-31,168.19,170.81,163.95,166.95,7888683
WMT,2021-11-30,164.97,168.05,161.08,163.73,7581666
WMT,2021-12-31,162.16,165.14,159.18,161.87,6899114
WMT,2022-01-31,161.29,164.73,158.39,162.29,5989047
WMT,2022-02-28,163.02,167.91,160.31,164.88,6651173
WMT,2022-03-31,166.88,171.76,164.16,168.62,7417649
WMT,2022-04-30,171.50,174.72,168.42,172.05,7844159
WMT,2022-05-31,175.15,178.31,171.01,173.96,7838209
WMT,2022-06-30,176.50,179.82,171.21,173.97,7401089
WMT,2022-07-31,175.32,178.14,169.53,172.61,6627594
WMT,2022-08-31,172.54,175.59,167.92,170.87,6014531
WMT,2022-09-30,169.58,172.80,166.90,169.52,6920977
WMT,2022-10-31,167.58,171.65,164.61,168.85,7595166
WMT,2022-11-30,166.98,171.53,164.05,168.63,7890893
WMT,2022-12-31,167.54,171.71,165.02,168.51,7744025
WMT,2023-01-31,168.67,171.56,165.41,168.37,7186412
WMT,2023-02-28,169.89,172.73,165.53,168.51,6338980
WMT,2023-03-31,171.12,174.36,166.97,169.58,6314493
WMT,2023-04-30,172.66,175.70,169.09,172.06,7167236
WMT,2023-05-31,174.91,178.75,171.79,175.90,7734318
WMT,2023-06-30,177.83,183.62,175.02,180.22,7892760
WMT,2023-07-31,180.78,186.88,177.70,183.58,7608202
WMT,2023-08-31,182.70,187.51,179.42,184.63,6942355
WMT,2023-09-30,182.73,186.31,179.77,182.90,6039615
WMT,2023-10-31,180.74,184.06,176.26,179.25,6604244
WMT,2023-11-30,177.65,180.33,172.28,175.44,7384536
WMT,2023-12-31,175.02,178.24,170.42,173.29,7832043
WMT,2024-01-31,174.28,177.53,171.02,173.86,7849718
WMT,2024-02-29,176.13,179.77,172.97,177.02,7433726
WMT,2024-03-31,180.13,184.87,177.08,181.59,6674283
WMT,2024-04-30,184.82,189.19,181.88,185.69,5963917
WMT,2024-05-31,188.24,191.26,184.28,187.64,6877413
WMT,2024-06-30,188.87,192.21,183.57,186.79,7568101
WMT,2024-07-31,186.49,190.02,181.02,183.87,7886195
WMT,2024-08-31,182.34,185.36,177.29,180.49,7762713
WMT,2024-09-30,178.38,181.46,175.10,178.22,7224433
WMT,2024-10-31,176.33,181.28,173.67,177.90,6388089
WMT,2024-11-30,176.93,182.55,173.82,179.48,6264946
WMT,2024-12-31,179.88,185.28,176.70,182.22,7127995
WMT,2025-01-31,184.08,188.67,181.26,185.16,7713894
WMT,2025-02-28,188.14,191.45,184.36,187.61,7895582
WMT,2025-03-31,191.03,194.13,186.11,189.50,7633659
WMT,2025-04-30,192.51,196.15,188.16,191.18,6984924
WMT,2025-05-31,193.06,196.53,189.68,192.97,6090067
WMT,2025-06-30,193.32,197.78,189.84,194.73,6556852
WMT,2025-07-31,193.59,199.47,190.46,195.81,7350481
WMT,2025-08-31,193.70,199.04,190.47,195.46,7818711
WMT,2025-09-30,193.19,196.30,189.71,193.37,7859999
WMT,2025-10-31,191.81,195.34,186.96,190.11,7465392
WMT,2025-11-30,189.87,193.40,183.93,186.98,6720465
WMT,2025-12-31,188.28,191.19,182.16,185.49,5913233
JNJ,2021-01-31,154.46,157.40,150.32,152.61,8369978
JNJ,2021-02-28,153.87,156.51,150.07,152.74,8130334
JNJ,2021-03-31,155.04,157.95,152.29,155.35,7472071
JNJ,2021-04-30,158.22,163.05,155.78,160.01,6537943
JNJ,2021-05-31,162.81,168.29,160.00,165.38,6869473
JNJ,2021-06-30,167.42,172.35,164.43,169.61,7731705
JNJ,2021-07-31,170.41,174.47,167.71,171.24,8261766
JNJ,2021-08-31,170.67,173.75,167.06,169.94,8344705
JNJ,2021-09-30,168.36,170.99,163.77,166.77,7962537
JNJ,2021-10-31,164.85,167.93,160.85,163.50,7198138
JNJ,2021-11-30,162.00,164.97,159.04,161.73,6217280
JNJ,2021-12-31,161.21,164.60,158.31,162.16,7167325
JNJ,2022-01-31,162.95,167.54,160.24,164.51,7942153
JNJ,2022-02-28,166.57,170.83,163.86,167.71,8339172
JNJ,2022-03-31,170.64,173.29,167.37,170.44,8272283
JNJ,2022-04-30,173.58,176.71,168.87,171.78,7755991
JNJ,2022-05-31,174.35,177.63,168.92,171.64,6902261
JNJ,2022-06-30,173.04,175.82,167.61,170.66,6503762
JNJ,2022-07-31,170.65,173.67,166.74,169.66,7443912
JNJ,2022-08-31,168.45,172.37,165.85,169.16,8114302
JNJ,2022-09-30,167.28,171.96,164.31,169.15,8369550
JNJ,2022-10-31,167.33,172.19,164.41,169.28,8154302
JNJ,2022-11-30,168.24,172.47,165.71,169.25,7515237
JNJ,2022-12-31,169.48,172.38,166.16,169.13,6590946
JNJ,2023-01-31,170.73,173.58,166.44,169.44,6818127
JNJ,2023-02-28,172.12,175.38,168.28,170.91,7693151
JNJ,2023-03-31,174.08,177.14,170.95,173.96,8244366
JNJ,2023-04-30,176.90,181.18,173.74,178.29,8352232
JNJ,2023-05-31,180.31,186.21,177.46,182.77,7993357
JNJ,2023-06-30,183.40,189.11,180.28,185.77,7245569
JNJ,2023-07-31,184.95,188.93,181.63,186.02,6271035
JNJ,2023-08-31,184.18,187.62,180.39,183.36,7118903
JNJ,2023-09-30,181.27,184.59,176.02,179.00,7909565
JNJ,2023-10-31,177.47,180.15,171.77,174.92,8329486
JNJ,2023-11-30,174.56,177.77,170.02,172.89,8287598
JNJ,2023-12-31,173.94,177.18,170.94,173.77,7792987
JNJ,2024-01-31,176.11,179.96,172.94,177.22,6952915
JNJ,2024-02-29,180.39,185.15,177.34,181.87,6450436
JNJ,2024-03-31,185.17,189.37,182.23,185.87,7399477
JNJ,2024-04-30,188.49,191.51,184.36,187.72,8088396
JNJ,2024-05-31,189.02,192.36,183.82,187.04,8367790
JNJ,2024-06-30,186.81,190.35,181.84,184.70,8177070
JNJ,2024-07-31,183.23,186.27,179.00,182.23,7557596
JNJ,2024-08-31,180.17,184.07,177.02,180.95,6643709
JNJ,2024-09-30,179.09,184.85,176.39,181.40,6766402
JNJ,2024-10-31,180.47,186.47,177.30,183.34,7653681
JNJ,2024-11-30,183.81,189.08,180.56,185.97,8225711
JNJ,2024-12-31,187.93,192.04,185.05,188.46,8358437
JNJ,2025-01-31,191.58,194.94,187.14,190.43,8023077
JNJ,2025-02-28,193.98,197.12,188.60,192.03,7292359
JNJ,2025-03-31,195.16,198.85,190.64,193.70,6324747
JNJ,2025-04-30,195.68,199.19,192.28,195.61,7069916
JNJ,2025-05-31,196.03,200.45,192.51,197.36,7875928
JNJ,2025-06-30,196.28,201.82,193.11,198.12,8318492
JNJ,2025-07-31,196.05,200.72,192.78,197.11,8301632
JNJ,2025-08-31,194.89,197.83,190.77,194.26,7829005
JNJ,2025-09-30,192.76,196.31,187.33,190.48,7003107
JNJ,2025-10-31,190.32,193.85,184.28,187.34,6396955
JNJ,2025-11-30,188.71,191.63,183.02,186.38,7354306
JNJ,2025-12-31,189.06,192.48,185.20,188.39,8061330
NFLX,2021-01-31,502.34,510.95,492.02,500.80,7780093
NFLX,2021-02-28,508.72,520.46,499.70,511.92,6770587
NFLX,2021-03-31,521.76,539.06,513.72,529.03,7386755
NFLX,2021-04-30,538.67,556.68,529.36,547.05,8262636
NFLX,2021-05-31,554.25,568.93,544.34,559.89,8767109
NFLX,2021-06-30,562.94,573.85,554.04,563.24,8790772
NFLX,2021-07-31,561.80,571.91,547.62,557.08,8328494
NFLX,2021-08-31,552.32,560.94,535.86,545.66,7480525
NFLX,2021-09-30,539.81,549.88,526.28,534.96,6669240
NFLX,2021-10-31,530.43,540.16,520.84,529.65,7693147
NFLX,2021-11-30,528.36,539.38,518.85,531.39,8469147
NFLX,2021-12-31,534.36,548.63,525.49,538.72,8828954
NFLX,2022-01-31,545.87,558.36,536.98,548.15,8694540
NFLX,2022-02-28,558.18,566.84,545.94,555.93,8095053
NFLX,2022-03-31,566.61,576.83,550.47,559.95,7160500
NFLX,2022-04-30,568.76,579.47,551.70,560.60,7006447
NFLX,2022-05-31,565.59,574.69,549.94,559.95,7974408
NFLX,2022-06-30,560.36,570.25,550.40,560.05,8633467
NFLX,2022-07-31,556.48,572.22,547.87,561.58,8840698
NFLX,2022-08-31,555.77,573.07,545.91,563.70,8551160
NFLX,2022-09-30,558.09,574.72,548.32,565.00,7827644
NFLX,2022-10-31,561.97,575.52,553.52,564.79,6827054
NFLX,2022-11-30,565.97,575.66,554.14,564.04,7333619
NFLX,2022-12-31,569.80,579.32,555.20,565.21,8224354
NFLX,2023-01-31,574.59,585.49,562.17,570.95,8751983
NFLX,2023-02-28,582.01,592.53,571.94,582.30,8802082
NFLX,2023-03-31,592.61,607.15,582.02,597.48,8363787
NFLX,2023-04-30,604.71,623.49,595.16,611.95,7532148
NFLX,2023-05-31,614.52,631.23,604.07,620.08,6612482
NFLX,2023-06-30,617.82,627.82,606.72,618.16,7643563
NFLX,2023-07-31,612.50,623.94,596.99,606.82,8437490
NFLX,2023-08-31,600.35,611.35,581.30,591.15,8822090
NFLX,2023-09-30,586.56,595.40,567.68,578.08,8713956
NFLX,2023-10-31,577.34,587.96,563.62,573.12,8136539
NFLX,2023-11-30,577.04,589.04,567.64,578.28,7215059
NFLX,2023-12-31,586.51,600.83,575.97,591.66,6950646
NFLX,2024-01-31,602.73,619.29,592.53,608.30,7929467
NFLX,2024-02-29,619.82,633.86,609.97,622.15,8609132
NFLX,2024-03-31,631.40,641.54,617.61,628.86,8842246
NFLX,2024-04-30,633.70,644.90,617.10,627.92,8578256
NFLX,2024-05-31,627.61,639.51,612.87,622.51,7874411
NFLX,2024-06-30,618.01,628.26,606.33,617.29,6883350
NFLX,2024-07-31,610.76,626.37,600.08,615.76,7280002
NFLX,2024-08-31,609.90,630.67,600.71,618.91,8185044
NFLX,2024-09-30,616.20,636.05,605.38,625.36,8735504
NFLX,2024-10-31,627.45,643.20,616.35,632.61,8812009
NFLX,2024-11-30,639.78,651.92,628.83,638.64,8397966
NFLX,2024-12-31,649.68,661.08,632.06,643.20,7583168
NFLX,2025-01-31,655.68,666.31,636.06,647.63,6555687
NFLX,2025-02-28,658.68,671.11,643.11,653.42,7593309
NFLX,2025-03-31,660.60,672.46,649.31,660.55,8404675
NFLX,2025-04-30,662.50,677.29,650.60,666.84,8813830
NFLX,2025-05-31,663.71,681.38,652.97,668.89,8732043
NFLX,2025-06-30,662.42,676.43,651.37,664.27,8177051
NFLX,2025-07-31,657.29,667.22,641.82,653.59,7269210
NFLX,2025-08-31,649.03,660.99,630.27,640.87,6894600
NFLX,2025-09-30,640.81,652.72,621.69,632.00,7883679
NFLX,2025-10-31,637.10,646.95,620.62,631.98,8583533
NFLX,2025-11-30,641.56,654.39,630.71,642.76,8842387
NFLX,2025-12-31,654.99,674.64,644.56,662.19,8604106
COST,2021-01-31,708.00,726.06,695.46,714.14,7914703
COST,2021-02-28,728.20,752.51,716.98,738.50,8797170
COST,2021-03-31,752.31,775.52,739.31,762.10,9268210
COST,2021-04-30,772.47,789.25,758.67,776.70,9225672
COST,2021-05-31,781.30,796.02,765.26,777.57,8678781
COST,2021-06-30,775.93,789.90,753.21,766.22,7746137
COST,2021-07-31,760.02,771.88,735.95,749.42,7170003
COST,2021-08-31,741.71,755.55,723.29,735.22,8227589
COST,2021-09-30,729.32,742.70,717.02,729.15,8997270
COST,2021-10-31,727.70,743.52,714.61,732.51,9312129
COST,2021-11-30,736.94,756.37,724.71,742.71,9103886
COST,2021-12-31,752.90,769.16,740.65,755.10,8417701
COST,2022-01-31,769.26,781.20,751.60,765.35,7402381
COST,2022-02-28,780.40,794.49,758.59,771.66,7521885
COST,2022-03-31,784.16,798.92,762.86,775.16,8511289
COST,2022-04-30,782.42,795.00,764.46,778.39,9151262
COST,2022-05-31,779.31,796.83,765.87,783.01,9303019
COST,2022-06-30,778.36,803.55,766.33,788.60,8933649
COST,2022-07-31,780.81,806.25,766.95,793.07,8123255
COST,2022-08-31,785.53,808.00,771.78,794.33,7047581
COST,2022-09-30,790.43,807.26,778.54,792.21,7860096
COST,2022-10-31,794.23,807.82,775.45,789.30,8759565
COST,2022-11-30,797.72,811.05,776.00,789.99,9255762
COST,2022-12-31,803.47,818.71,785.85,798.13,9241081
COST,2023-01-31,813.96,828.83,799.88,814.52,8718704
COST,2023-02-28,829.31,849.13,814.50,835.61,7801917
COST,2023-03-31,846.10,870.34,832.73,854.23,7110462
COST,2023-04-30,858.21,878.08,843.62,862.57,8177200
COST,2023-05-31,859.81,873.25,841.13,856.51,8966961
COST,2023-06-30,849.06,864.91,824.97,838.55,9308473
COST,2023-07-31,829.98,845.19,803.25,816.86,9127675
COST,2023-08-31,810.89,823.11,786.65,801.07,8463776
COST,2023-09-30,800.40,815.13,784.69,797.92,7460751
COST,2023-10-31,803.74,824.04,790.64,808.99,7463880
COST,2023-11-30,820.88,843.49,806.12,830.62,8466226
COST,2023-12-31,846.55,870.87,832.22,855.41,9128915
COST,2024-01-31,872.01,891.70,858.14,875.23,9308234
COST,2024-02-29,888.65,902.91,869.17,885.01,8965295
COST,2024-03-31,892.21,907.99,869.73,884.98,8174469
COST,2024-04-30,884.95,901.72,866.21,879.84,7107257
COST,2024-05-31,873.87,889.86,858.35,875.34,7804901
COST,2024-06-30,866.48,890.23,851.33,875.15,8720819
COST,2024-07-31,867.22,896.29,854.16,879.58,9241868
COST,2024-08-31,876.14,901.49,860.75,886.34,9255052
COST,2024-09-30,889.71,907.46,873.96,892.52,8757511
COST,2024-10-31,903.05,920.19,882.96,896.73,7857143
COST,2024-11-30,912.64,928.66,884.59,900.17,7050793
COST,2024-12-31,918.05,932.94,889.39,905.56,8126028
COST,2025-01-31,921.44,938.82,900.28,914.71,8935383
COST,2025-02-28,925.19,943.11,909.44,926.47,9303337
COST,2025-03-31,929.62,951.21,912.93,936.53,9150096
COST,2025-04-30,932.56,957.06,917.48,939.51,8508891
COST,2025-05-31,930.85,949.46,915.32,932.39,7518776
COST,2025-06-30,923.01,936.96,900.67,917.18,7405528
COST,2025-07-31,911.20,927.99,885.83,900.74,8420202
COST,2025-08-31,901.05,917.81,877.16,891.71,9105200
COST,2025-09-30,899.32,913.23,880.49,896.61,9311970
COST,2025-10-31,910.61,933.53,895.22,916.94,8995673
COST,2025-11-30,934.82,966.10,919.93,948.27,8224900
COST,2025-12-31,966.33,996.92,949.03,981.21,7166805
DIS,2021-01-31,101.48,104.69,99.92,102.74,9763666
DIS,2021-02-28,104.64,107.44,102.83,105.58,9648243
DIS,2021-03-31,106.99,108.73,105.07,107.00,9012729
DIS,2021-04-30,107.61,109.63,104.88,106.57,7994943
DIS,2021-05-31,106.31,108.23,102.91,104.68,7684393
DIS,2021-06-30,103.81,105.43,100.51,102.35,8769525
DIS,2021-07-31,101.27,103.16,98.96,100.59,9525128
DIS,2021-08-31,99.76,101.85,98.10,100.02,9787339
DIS,2021-09-30,99.79,102.18,98.00,100.66,9499294
DIS,2021-10-31,101.25,103.99,99.57,102.12,8723459
DIS,2021-11-30,103.49,105.70,101.81,103.77,7628085
DIS,2021-12-31,105.69,107.33,103.27,105.16,8049282
DIS,2022-01-31,107.20,109.13,104.36,106.16,9053314
DIS,2022-02-28,107.85,109.88,105.28,106.98,9666273
DIS,2022-03-31,107.95,109.69,105.95,107.88,9755231
DIS,2022-04-30,107.98,110.85,106.12,108.93,9300896
DIS,2022-05-31,108.25,111.97,106.58,109.89,8401796
DIS,2022-06-30,108.77,112.21,106.84,110.38,7252914
DIS,2022-07-31,109.30,112.05,107.39,110.15,8396599
DIS,2022-08-31,109.58,111.66,107.70,109.35,9297458
DIS,2022-09-30,109.59,111.47,106.60,108.50,9754298
DIS,2022-10-31,109.63,111.46,106.43,108.34,9668047
DIS,2022-11-30,110.16,112.25,107.70,109.39,9057410
DIS,2022-12-31,111.52,113.58,109.60,111.62,8054812
DIS,2023-01-31,113.62,116.27,111.59,114.42,7622320
DIS,2023-02-28,115.83,118.92,114.00,116.72,8718709
DIS,2023-03-31,117.23,119.60,115.24,117.48,9496590
DIS,2023-04-30,117.08,118.91,114.23,116.32,9787267
DIS,2023-05-31,115.28,117.43,111.91,113.75,9527704
DIS,2023-06-30,112.56,114.62,109.14,110.99,8774190
DIS,2023-07-31,110.15,111.81,107.33,109.29,7690134
DIS,2023-08-31,109.17,111.43,107.36,109.42,7989369
DIS,2023-09-30,110.18,113.48,108.39,111.41,9008531
DIS,2023-10-31,113.01,116.41,110.98,114.64,9646332
DIS,2023-11-30,116.80,120.18,114.83,118.05,9764456
DIS,2023-12-31,120.31,122.88,118.40,120.61,9337286
DIS,2024-01-31,122.43,124.40,119.61,121.79,8457461
DIS,2024-02-29,122.75,124.92,119.64,121.74,7315781
DIS,2024-03-31,121.71,124.01,119.25,121.13,8340164
DIS,2024-04-30,120.27,122.62,118.14,120.62,9259693
DIS,2024-05-31,119.37,122.63,117.28,120.55,9743392
DIS,2024-06-30,119.43,123.16,117.63,120.86,9686366
DIS,2024-07-31,120.35,123.29,118.24,121.22,9100982
DIS,2024-08-31,121.65,123.69,119.24,121.39,8114187
DIS,2024-09-30,122.79,125.12,119.52,121.38,7560018
DIS,2024-10-31,123.50,125.67,119.45,121.55,8666992
DIS,2024-11-30,123.93,125.94,120.14,122.32,9466672
DIS,2024-12-31,124.43,126.78,121.89,123.85,9785637
DIS,2025-01-31,125.23,128.04,123.10,125.78,9554715
DIS,2025-02-28,126.17,129.37,123.91,127.37,8823984
DIS,2025-03-31,126.80,130.21,124.75,127.82,7751914
DIS,2025-04-30,126.61,129.12,124.50,126.80,7929002
DIS,2025-05-31,125.49,127.39,122.49,124.74,8962669
DIS,2025-06-30,123.89,126.17,120.67,122.70,9624920
DIS,2025-07-31,122.71,124.99,119.89,121.88,9772138
DIS,2025-08-31,122.89,124.96,120.68,123.05,9372396
DIS,2025-09-30,124.94,128.53,122.83,126.25,8512384
DIS,2025-10-31,128.68,133.14,126.63,130.68,7378607
DIS,2025-11-30,133.13,137.11,130.75,134.95,8283059
DIS,2025-12-31,136.86,140.07,134.50,137.63,9220693
